path,category,bytes,source_sha256,published_sha256
Codes/analysis/analyze_transport_d_1km_aggregation_sensitivity.py,code,18322,6e9a1e8d00dba4d03154a8b70af018c8d5fa8094bc9580599e794a61294b80c6,6e9a1e8d00dba4d03154a8b70af018c8d5fa8094bc9580599e794a61294b80c6
Codes/analysis/analyze_transport_d_baseline_coverage_decomposition.py,code,10772,43da82b30a1f5d06348bdf91d249e6a32c64133d0f8dc55a03366bee0c339792,43da82b30a1f5d06348bdf91d249e6a32c64133d0f8dc55a03366bee0c339792
Codes/analysis/analyze_transport_d_r2_sensitivity.py,code,5994,4e0257af71bc19996728493bcb9d4d7b73220305c140779fed81a66f5a95da01,4e0257af71bc19996728493bcb9d4d7b73220305c140779fed81a66f5a95da01
Codes/analysis/analyze_transport_d_r3_sensitivity.py,code,5148,fd9dd302aab858b6045c92da0743004b7ed5a9a6751b054036cf17cad6139466,fd9dd302aab858b6045c92da0743004b7ed5a9a6751b054036cf17cad6139466
Codes/analysis/analyze_transport_d_results.py,code,15880,aa370cb590430e115ac27c586369e6d406abfbe018586b681d4eb8eebe2659fc,aa370cb590430e115ac27c586369e6d406abfbe018586b681d4eb8eebe2659fc
Codes/analysis/build_transport_d_event_stratum_summary.py,code,6282,fc908bae7cb8904c940233b634ebfd36076f906b9bc87e054e417aaedd121293,fc908bae7cb8904c940233b634ebfd36076f906b9bc87e054e417aaedd121293
Codes/analysis/replay_transport_d_project_attribution.py,code,10826,ef2096558bdcc67c6ab35fd3dbdeb9e3543f08da5683d5cbd4388264f07c9743,ef2096558bdcc67c6ab35fd3dbdeb9e3543f08da5683d5cbd4388264f07c9743
Codes/analysis/run_transport_d_project_attribution.py,code,18097,2d32294ca9696775f9fc6b8f06dae54d326a206076211aa0df21f7bc8861a51e,2d32294ca9696775f9fc6b8f06dae54d326a206076211aa0df21f7bc8861a51e
Codes/analysis/run_transport_d_r2_sensitivity.py,code,7940,88d674a9ed2c66af1ba83f544ff99299451f4442dfcb2d74b70546faecf57e31,88d674a9ed2c66af1ba83f544ff99299451f4442dfcb2d74b70546faecf57e31
Codes/analysis/run_transport_d_r3_sensitivity.py,code,8880,9943cc7388a3c6f58cbf0c40522c9582ad94c8a8b52dbd9198d2a09b4ae6945f,9943cc7388a3c6f58cbf0c40522c9582ad94c8a8b52dbd9198d2a09b4ae6945f
Codes/analysis/transport_accessibility.py,code,4741,e133f81c3816b2a795ddee78e96c3d45c6b6c9d7f7e30719624a7395d937a9f1,e133f81c3816b2a795ddee78e96c3d45c6b6c9d7f7e30719624a7395d937a9f1
Codes/analysis/transport_d_network_assembler.py,code,8292,cb9bdcf3c549be7b6c33bf55b67e0c71f7d5ee6d4cd1ab5fec84a4da57f22b6c,cb9bdcf3c549be7b6c33bf55b67e0c71f7d5ee6d4cd1ab5fec84a4da57f22b6c
Codes/analysis/transport_event_state.py,code,9896,38d5da8bf03de08ab7c9f76a8ae9abdc3c43c92595323b356d4b6d30012c3ffb,38d5da8bf03de08ab7c9f76a8ae9abdc3c43c92595323b356d4b6d30012c3ffb
Codes/analysis/transport_shapley.py,code,3337,17bb969f656364d8fe0624faf8c5ca4acdee941bc7bb4245ef9f01287a1fec79,17bb969f656364d8fe0624faf8c5ca4acdee941bc7bb4245ef9f01287a1fec79
Codes/analysis/validate_transport_d_paths_independent.py,code,16792,5563a607fcf652be2a96a410e11bb505471ff1b578d6aa4e85864d0cd653a781,5563a607fcf652be2a96a410e11bb505471ff1b578d6aa4e85864d0cd653a781
Codes/audit/audit_transport_d_event_state_reproduction.py,frozen_input_or_support,6899,42ceaa0c8ef91ded8cc0d2f0d4e18a3f3eae8c0bd58fc91131f1d710bad9a47e,42ceaa0c8ef91ded8cc0d2f0d4e18a3f3eae8c0bd58fc91131f1d710bad9a47e
Codes/audit/test_transport_accessibility_fixtures.py,frozen_input_or_support,4597,94ab38ee14e5c663feab14cb4f8b3596a91a2a687215b5171556bf78a833ab20,94ab38ee14e5c663feab14cb4f8b3596a91a2a687215b5171556bf78a833ab20
Codes/audit/test_transport_shapley_fixtures.py,frozen_input_or_support,5857,68ba1777c5a92a75c8379b047b3112cf0b548957c15306d845bb63d331ac1572,68ba1777c5a92a75c8379b047b3112cf0b548957c15306d845bb63d331ac1572
Codes/config/study_area.json,configuration,585,19fc38d3af23af5ecb5dee3bba9d5c0c510b027e1e046c68d68e52568bf4ea5e,19fc38d3af23af5ecb5dee3bba9d5c0c510b027e1e046c68d68e52568bf4ea5e
Codes/config/transport_d_1km_aggregation_sensitivity.json,configuration,859,24a957028b4d3afde6ee5117c627d32c159ac28ddb08c91ca51d4ebed0d61b61,24a957028b4d3afde6ee5117c627d32c159ac28ddb08c91ca51d4ebed0d61b61
Codes/config/transport_d_accessibility_run.json,configuration,1498,74c815bd9c847312e9ced38985dbe06d734fb8ae7713b2a28b180c39695f1993,74c815bd9c847312e9ced38985dbe06d734fb8ae7713b2a28b180c39695f1993
Codes/config/transport_d_accessibility_run_20260826_r1.json,configuration,1498,74c815bd9c847312e9ced38985dbe06d734fb8ae7713b2a28b180c39695f1993,74c815bd9c847312e9ced38985dbe06d734fb8ae7713b2a28b180c39695f1993
Codes/config/transport_d_annual_topology.json,configuration,7196,614ee7bbec77958c664c573c3b66e28e56ff5c362ebedb8f31c65074165a84cc,614ee7bbec77958c664c573c3b66e28e56ff5c362ebedb8f31c65074165a84cc
Codes/config/transport_d_annual_topology_20260826_r1.json,configuration,7196,614ee7bbec77958c664c573c3b66e28e56ff5c362ebedb8f31c65074165a84cc,614ee7bbec77958c664c573c3b66e28e56ff5c362ebedb8f31c65074165a84cc
Codes/config/transport_d_event_packages.json,configuration,9208,98fcac05d95f6f5d7af12b72e2db9a7c4c075de2979d040c46d7e9080071f2ae,98fcac05d95f6f5d7af12b72e2db9a7c4c075de2979d040c46d7e9080071f2ae
Codes/config/transport_d_event_packages_20260826_r2.json,configuration,9208,98fcac05d95f6f5d7af12b72e2db9a7c4c075de2979d040c46d7e9080071f2ae,98fcac05d95f6f5d7af12b72e2db9a7c4c075de2979d040c46d7e9080071f2ae
Codes/config/transport_d_independent_path_validation.json,configuration,1121,15ad6ef56d0a6396eb792416f718ff743bc16ce4f51a47e6247117e2fdde6007,15ad6ef56d0a6396eb792416f718ff743bc16ce4f51a47e6247117e2fdde6007
Codes/config/transport_d_network_denominator_candidates.json,configuration,26281,e87aabd95f50759afa06a59c91edb61b2b5fcbc9bf8a6f79ea03614455d4845b,e87aabd95f50759afa06a59c91edb61b2b5fcbc9bf8a6f79ea03614455d4845b
Codes/config/transport_d_network_denominator_candidates_20260826_r4.json,configuration,25152,d62fc275f03a3bf76d076db96b9b6085d274c6b55efae7d780813ca78f31fa08,d62fc275f03a3bf76d076db96b9b6085d274c6b55efae7d780813ca78f31fa08
Codes/config/transport_d_network_denominator_candidates_20260826_r5.json,configuration,26281,e87aabd95f50759afa06a59c91edb61b2b5fcbc9bf8a6f79ea03614455d4845b,e87aabd95f50759afa06a59c91edb61b2b5fcbc9bf8a6f79ea03614455d4845b
Codes/config/transport_d_r2_sensitivity_run.json,configuration,806,6203578cb4b1a82e0719ceb9a9081a854274e0cc7a4611537f71acfdb81b4721,6203578cb4b1a82e0719ceb9a9081a854274e0cc7a4611537f71acfdb81b4721
Codes/config/transport_d_r2_sensitivity_run_20260826_r1.json,configuration,806,6203578cb4b1a82e0719ceb9a9081a854274e0cc7a4611537f71acfdb81b4721,6203578cb4b1a82e0719ceb9a9081a854274e0cc7a4611537f71acfdb81b4721
Codes/config/transport_d_r3_sensitivity_run.json,configuration,1253,8da1fb83ce82a8850aae615e585f3abfa2a61d4419e5125e908e9b381ccc29f5,8da1fb83ce82a8850aae615e585f3abfa2a61d4419e5125e908e9b381ccc29f5
Codes/config/transport_d_route_sequence_sources.json,configuration,8492,6842b513b517973017610732c510f00bf289057840df31082de54debdf448aca,6842b513b517973017610732c510f00bf289057840df31082de54debdf448aca
Codes/config/transport_d_route_sequence_sources_20260826_r2.json,configuration,8492,6842b513b517973017610732c510f00bf289057840df31082de54debdf448aca,6842b513b517973017610732c510f00bf289057840df31082de54debdf448aca
Codes/config/transport_pedestrian_graph.json,configuration,2527,6be2609a1fac954ae6a85852c016f49a08c9277a3dcdcadb01aa1099202761cc,6be2609a1fac954ae6a85852c016f49a08c9277a3dcdcadb01aa1099202761cc
Codes/config/transport_pedestrian_graph_20260826_r2.json,configuration,2527,6be2609a1fac954ae6a85852c016f49a08c9277a3dcdcadb01aa1099202761cc,6be2609a1fac954ae6a85852c016f49a08c9277a3dcdcadb01aa1099202761cc
Codes/config/transport_pedestrian_snap_gate.json,configuration,2281,3277fc3d81387d2018162dc85dbea9f96d547a5523551f70ff2bfbfa9144e5b3,3277fc3d81387d2018162dc85dbea9f96d547a5523551f70ff2bfbfa9144e5b3
Codes/config/transport_pedestrian_snap_gate_20260826_r1.json,configuration,2281,3277fc3d81387d2018162dc85dbea9f96d547a5523551f70ff2bfbfa9144e5b3,3277fc3d81387d2018162dc85dbea9f96d547a5523551f70ff2bfbfa9144e5b3
Codes/config/transport_project_attribution_contract.json,configuration,10032,416c394345f6821af01552c96b65676a4de7ec2aee1fe252fb5f1a339e8ebf69,416c394345f6821af01552c96b65676a4de7ec2aee1fe252fb5f1a339e8ebf69
Codes/config/transport_project_attribution_contract_20260826_r4.json,configuration,10032,416c394345f6821af01552c96b65676a4de7ec2aee1fe252fb5f1a339e8ebf69,416c394345f6821af01552c96b65676a4de7ec2aee1fe252fb5f1a339e8ebf69
Codes/config/transport_standardized_impedance.json,configuration,3346,a2eefda15eaa03a078b524d818f80ddc68454ece1ec57cecb744a261ea119b61,a2eefda15eaa03a078b524d818f80ddc68454ece1ec57cecb744a261ea119b61
Codes/config/transport_standardized_impedance_20260826_r1.json,configuration,3346,a2eefda15eaa03a078b524d818f80ddc68454ece1ec57cecb744a261ea119b61,a2eefda15eaa03a078b524d818f80ddc68454ece1ec57cecb744a261ea119b61
Codes/config/transport_study_contract.json,configuration,9695,63a0ea58962278ca808a683bba73b21ccba2b8da07ec972aa3ffdb28e2d2ba83,63a0ea58962278ca808a683bba73b21ccba2b8da07ec972aa3ffdb28e2d2ba83
Codes/config/transport_study_contract_20260826_r5.json,configuration,9463,0e93175b2eebae18da5b5170b4c0f21d74b2379fa2d9c07ac960a82f42dc9e68,0e93175b2eebae18da5b5170b4c0f21d74b2379fa2d9c07ac960a82f42dc9e68
Codes/config/transport_study_contract_20260826_r6.json,configuration,9695,63a0ea58962278ca808a683bba73b21ccba2b8da07ec972aa3ffdb28e2d2ba83,63a0ea58962278ca808a683bba73b21ccba2b8da07ec972aa3ffdb28e2d2ba83
Codes/config/transport_worldpop_2023.json,configuration,1499,101da28cf5ab98f43afee1d467f45b64bdeeced5109afec82391dc54c3fabcf6,101da28cf5ab98f43afee1d467f45b64bdeeced5109afec82391dc54c3fabcf6
Codes/config/transport_worldpop_2023_20260826_r1.json,configuration,1499,101da28cf5ab98f43afee1d467f45b64bdeeced5109afec82391dc54c3fabcf6,101da28cf5ab98f43afee1d467f45b64bdeeced5109afec82391dc54c3fabcf6
Codes/download/download_guangdong_osm_pbf.py,frozen_input_or_support,5359,afd741dbac6406d8c7ac6f709510f433506c81937eded4f92b7a0f7be970aa1c,afd741dbac6406d8c7ac6f709510f433506c81937eded4f92b7a0f7be970aa1c
Codes/download/download_jrc_gsw_occurrence.py,frozen_input_or_support,4407,67972b88022d5255f3e4715f67075a6d30b9b80c1fb1b5675f02d0ca6af11941,67972b88022d5255f3e4715f67075a6d30b9b80c1fb1b5675f02d0ca6af11941
Codes/download/download_transport_d_date_sources.py,code,14648,ea8ae3dee5b7f99fc8ea0136185664f47a0e09071806a6f851bf0a9f762d579e,ea8ae3dee5b7f99fc8ea0136185664f47a0e09071806a6f851bf0a9f762d579e
Codes/download/download_transport_d_event_source_gaoming_postreview.py,code,3366,24595d6be8795fc2b8c61e427acdb3763af6f4e8d16717268696e8ce3a5aa691,24595d6be8795fc2b8c61e427acdb3763af6f4e8d16717268696e8ce3a5aa691
Codes/download/download_transport_d_event_source_postreview.py,code,5856,05dda8e7bf9be1a360487460337de96a62ca0de211fc3f9c10a877753fdd86c5,05dda8e7bf9be1a360487460337de96a62ca0de211fc3f9c10a877753fdd86c5
Codes/download/download_transport_d_event_source_supplement.py,code,6679,d743c011322dd9e864f2bf26310788d4462fceb98424dd1b6da126db1ef7561d,d743c011322dd9e864f2bf26310788d4462fceb98424dd1b6da126db1ef7561d
Codes/download/download_transport_d_route_members.py,code,4600,118149d83b46293be157fb9450cc23d81f63eae66ec12cd49d04f8dbb306af95,118149d83b46293be157fb9450cc23d81f63eae66ec12cd49d04f8dbb306af95
Codes/download/download_transport_denominator_sources.py,code,3926,71220276886b9841c94469831839e35e527ed228545e7ac18ce52b755c0be6a6,71220276886b9841c94469831839e35e527ed228545e7ac18ce52b755c0be6a6
Codes/download/download_transport_gaoming_tram_geometry.py,code,4444,bedb3aaf134a96069ea67467e7c63926e551b4fa7c5a01ec77ca1c86a59927d2,bedb3aaf134a96069ea67467e7c63926e551b4fa7c5a01ec77ca1c86a59927d2
Codes/download/download_transport_hz1_historical_geometry.py,code,4409,825c4e07812b0c8cc602322f8be128acd8212d78c1e217cb54516509b72e2396,825c4e07812b0c8cc602322f8be128acd8212d78c1e217cb54516509b72e2396
Codes/download/overpass_gaoming_tram_geometry.query,code,266,b30d76a12f6256fa2bc74a45b965b4485f22bb414dc5294553cdf33241277f43,b30d76a12f6256fa2bc74a45b965b4485f22bb414dc5294553cdf33241277f43
Codes/download/overpass_gba_passenger_rail_tracks.query,code,163,0ac1d1d4c21cedfbca46554a704c7e2caf3e398466301e5eb640fc8cdbf7ec60,0ac1d1d4c21cedfbca46554a704c7e2caf3e398466301e5eb640fc8cdbf7ec60
Codes/download/overpass_gba_rail_route_relations.query,code,138,d5784bd81875695b0501214afa9053f6fbcff1a19eb366a9af177fd232a931c4,d5784bd81875695b0501214afa9053f6fbcff1a19eb366a9af177fd232a931c4
Codes/download/overpass_gba_rail_stations.query,code,186,39b164dfb35e4d3565cc4f250ca3b6b26a7fd1622197ee554a1d316091b28e10,39b164dfb35e4d3565cc4f250ca3b6b26a7fd1622197ee554a1d316091b28e10
Codes/download/overpass_hz1_20241101_route_members.query,code,93,dae45b7e9c5a2878eb8b2beee748a5fb27941dcca2d77890bd46db208e233e36,dae45b7e9c5a2878eb8b2beee748a5fb27941dcca2d77890bd46db208e233e36
Codes/download/overpass_transport_d_route_members.query,code,409,52bbdea2d143d15ec8e4ba38e12e33ab77f0d043f0382364906557b53231927f,52bbdea2d143d15ec8e4ba38e12e33ab77f0d043f0382364906557b53231927f
Codes/manuscript/replay_transport_d_derived_results.py,frozen_input_or_support,8362,0d64c84fe8510aea1fb8c5d3f3b0055f19b306049098061dca65c4b8c6af4b4b,0d64c84fe8510aea1fb8c5d3f3b0055f19b306049098061dca65c4b8c6af4b4b
Codes/preprocess/build_aoi.py,frozen_input_or_support,2161,73169d6276c46c60b2d028282c00154a89879f4eff67dbd0c402ffdb3b73fcfd,73169d6276c46c60b2d028282c00154a89879f4eff67dbd0c402ffdb3b73fcfd
Codes/preprocess/build_transport_analysis_grid.py,code,14021,af3ce630ec94f367eba606c80a9b2ddeb18e8fd2ac3ee486758d79442d2f69fc,af3ce630ec94f367eba606c80a9b2ddeb18e8fd2ac3ee486758d79442d2f69fc
Codes/preprocess/build_transport_d_annual_topology.py,code,18835,fa5be7b8abb955bf5df718bab41fc9d0f3dce1a27bc1fadb0c5e031e7215d8ff,fa5be7b8abb955bf5df718bab41fc9d0f3dce1a27bc1fadb0c5e031e7215d8ff
Codes/preprocess/build_transport_d_route_sequence_candidates.py,code,20395,40b178d331b5b2ff50863931168c1347e71ea12aa8010217280b04d5de76b3d6,40b178d331b5b2ff50863931168c1347e71ea12aa8010217280b04d5de76b3d6
Codes/preprocess/build_transport_d_standardized_impedance.py,code,7398,49ab2e91029b88d17d99c8d3af87ce1d2d849cd55ab318332b66ee9a39eed706,49ab2e91029b88d17d99c8d3af87ce1d2d849cd55ab318332b66ee9a39eed706
Codes/preprocess/build_transport_d_track_alignment_candidates.py,code,14672,f6e02303d7d49633d4998a36735bfe390b6212ee05dc673430f0cd0443f45854,f6e02303d7d49633d4998a36735bfe390b6212ee05dc673430f0cd0443f45854
Codes/preprocess/build_transport_d_walk_pairs.py,code,11505,b1a60d6863b955768e341227460c47a5ccabc5548512e55021fd8280368a9c2c,b1a60d6863b955768e341227460c47a5ccabc5548512e55021fd8280368a9c2c
Codes/preprocess/build_transport_d_walk_pairs_r3.py,code,12337,0e35f16cf17409dd74c271c17b1300dee9971944a811347f2a3a0f216fdd3eb2,0e35f16cf17409dd74c271c17b1300dee9971944a811347f2a3a0f216fdd3eb2
Codes/preprocess/build_transport_pedestrian_graph.py,code,12917,dfa6bddfd7b89be94971b16e1b4b7dcb72c55bdbc9c23bc6a31cf31cab5a3664,dfa6bddfd7b89be94971b16e1b4b7dcb72c55bdbc9c23bc6a31cf31cab5a3664
Codes/preprocess/build_transport_pedestrian_snaps.py,code,7985,9e0015b5b2e3e70fff042161e97e5f41ff3d1f2fc19b7c9ed366c6f2cb2cde0b,9e0015b5b2e3e70fff042161e97e5f41ff3d1f2fc19b7c9ed366c6f2cb2cde0b
Codes/preprocess/build_transport_station_inventory.py,code,6754,fc84e69294f59459a4347c33ef50331b8ff08cf831f13d8274cf04d36f2d6c53,fc84e69294f59459a4347c33ef50331b8ff08cf831f13d8274cf04d36f2d6c53
Codes/preprocess/build_transport_track_inventory.py,code,4049,3577b9324433d3e3874fd0ebf1684fa1bd21ca14bbb84ac9f3ed06075b762342,3577b9324433d3e3874fd0ebf1684fa1bd21ca14bbb84ac9f3ed06075b762342
Codes/preprocess/build_transport_worldpop_2023.py,code,8337,701bddb7d1e6cd120216653ef113a450a9a25facf57ee9d715bc34b24d826a09,701bddb7d1e6cd120216653ef113a450a9a25facf57ee9d715bc34b24d826a09
Data/interim/aoi/gba_boundary_metadata.json,frozen_input_or_support,541,53d0bb6497e1c4c88f7a7e90bf43c1cbdc890d7b83dc5bba79997e32548e35fc,53d0bb6497e1c4c88f7a7e90bf43c1cbdc890d7b83dc5bba79997e32548e35fc
Data/interim/transport/d_annual_active_passenger_stops.parquet,frozen_routing_input,62240,443f5f857f554b11d6b1f211158c1a8a4b20c9e3fe2c04b5abcb85bf19be17ac,443f5f857f554b11d6b1f211158c1a8a4b20c9e3fe2c04b5abcb85bf19be17ac
Data/interim/transport/d_annual_active_track_edges.parquet,frozen_routing_input,431860,b787da5630db7274fcaa024fac77f391c87a727f8299c470e319b608ccb7829d,b787da5630db7274fcaa024fac77f391c87a727f8299c470e319b608ccb7829d
Data/interim/transport/d_annual_station_connection_pairs.parquet,frozen_routing_input,36749,48d0655cb48f7484fe507a15418a0441251e6b0dc406eeb77629f2ee32582e08,48d0655cb48f7484fe507a15418a0441251e6b0dc406eeb77629f2ee32582e08
Data/interim/transport/d_pedestrian_origin_station_walk.parquet,frozen_routing_input,150791,e879a0401598b3b6d36a768cfa825dc9038dfeacf535de7cedcec410bb28249f,e879a0401598b3b6d36a768cfa825dc9038dfeacf535de7cedcec410bb28249f
Data/interim/transport/d_pedestrian_origin_station_walk_r3.parquet,frozen_routing_input,150768,13540f13632070ff538179dbe5e42eeaf885929e3f975dc84736235e3b579379,13540f13632070ff538179dbe5e42eeaf885929e3f975dc84736235e3b579379
Data/interim/transport/d_pedestrian_station_destination_walk.parquet,frozen_routing_input,66483,b1ec48cd23ed6620403b8e74ceda7c722c8d5fb60752a3a761ab5bcb521bdf43,b1ec48cd23ed6620403b8e74ceda7c722c8d5fb60752a3a761ab5bcb521bdf43
Data/interim/transport/d_pedestrian_station_destination_walk_r3.parquet,frozen_routing_input,67647,f977ed1fc43953f99fff4c5cf4e6af1b704c54ffa9e492836fcd0cfb4bd37706,f977ed1fc43953f99fff4c5cf4e6af1b704c54ffa9e492836fcd0cfb4bd37706
Data/interim/transport/d_route_stop_sequence_candidates.parquet,frozen_routing_input,47012,33e9224eeb3fffde2c75041e7e0d0ef2a6be251ad52ce21df38d9f27566e28f4,33e9224eeb3fffde2c75041e7e0d0ef2a6be251ad52ce21df38d9f27566e28f4
Data/interim/transport/d_route_track_edge_candidates.parquet,frozen_routing_input,415287,5ee6cee2d789d8dc7919661f0442bf43cd2df43f4771689404bf9ea2d91ee7bd,5ee6cee2d789d8dc7919661f0442bf43cd2df43f4771689404bf9ea2d91ee7bd
Data/interim/transport/d_standardized_directional_connections.parquet,frozen_routing_input,30931,cd8b956988814ee158de95bc40f3ba788f56c56ca82f26a3102a7369efc161e0,cd8b956988814ee158de95bc40f3ba788f56c56ca82f26a3102a7369efc161e0
Data/interim/transport/d_standardized_route_year_boarding.parquet,frozen_routing_input,5796,5959d08da94d084bef6ecf6a4126f3f66904ea9c85cf0f9e6fb767ef8bc9f5a0,5959d08da94d084bef6ecf6a4126f3f66904ea9c85cf0f9e6fb767ef8bc9f5a0
Data/interim/transport/d_standardized_track_edge_impedance.parquet,frozen_routing_input,45835,65f4c346660de848bba9a9a95e756b4c57f92b1278bcbdd23c5360651d60b400,65f4c346660de848bba9a9a95e756b4c57f92b1278bcbdd23c5360651d60b400
Data/interim/transport/pedestrian_destination_snaps_worldpop2023.parquet,frozen_routing_input,3499641,4c1ba6782c6c6dd11246f8889a81a0a4fb8c2606ffb4c77f213746ec9486c140,4c1ba6782c6c6dd11246f8889a81a0a4fb8c2606ffb4c77f213746ec9486c140
Data/interim/transport/pedestrian_origin_snaps_500m.parquet,frozen_routing_input,12741306,4afdd1988a39b24a3a550801a2af9f23c5c63329ef8bdafbb61c9552637794dd,4afdd1988a39b24a3a550801a2af9f23c5c63329ef8bdafbb61c9552637794dd
Data/interim/transport/pedestrian_station_snaps.parquet,frozen_routing_input,38350,d325ff5d843dc2833371d669ab2ab96d35e1c8befab3c0c81406fc2cdbc0a99b,d325ff5d843dc2833371d669ab2ab96d35e1c8befab3c0c81406fc2cdbc0a99b
Data/metadata/jrc_gsw_v1_4_occurrence.json,frozen_input_or_support,1324,57cca3495d1a416638aeef7546b1133d9efa843a1a022989181678aa24a80e14,57cca3495d1a416638aeef7546b1133d9efa843a1a022989181678aa24a80e14
Data/metadata/transport/d_date_scope_source_archive.json,metadata,15781,6bd44fc33165457ff5a0ce6d1863a24c1fcf4ae4728f3a6f9f40bd9f2d89e308,6bd44fc33165457ff5a0ce6d1863a24c1fcf4ae4728f3a6f9f40bd9f2d89e308
Data/metadata/transport/d_denominator_source_archive.json,metadata,2527,b65527a55b188a879d5dc52d700c7b530ecd4085ae258d3959338a991cd37b50,b65527a55b188a879d5dc52d700c7b530ecd4085ae258d3959338a991cd37b50
Data/metadata/transport/d_event_source_gaoming_postreview_20260827.json,metadata,1135,07dda31e4a83cab3b5c3eca24f72e1f0dc03e441f277293e361c715c197a636b,07dda31e4a83cab3b5c3eca24f72e1f0dc03e441f277293e361c715c197a636b
Data/metadata/transport/d_event_source_postreview_20260827.json,metadata,4408,ec262269b832760f62e0925375e588f7db941c7c61802651ecd8dadd2fdc6d50,ec262269b832760f62e0925375e588f7db941c7c61802651ecd8dadd2fdc6d50
Data/metadata/transport/d_event_source_supplement_20260826.json,metadata,6868,07848a583a2b53b944cf9dddcc9886a34b1f90ac092d77aafc8e9b26c753a020,07848a583a2b53b944cf9dddcc9886a34b1f90ac092d77aafc8e9b26c753a020
Data/metadata/transport/d_standardized_impedance.json,metadata,1133,b82274dcc4cd84982d62c3267c6d04337092df2f233366265a6edb11c0358e89,b82274dcc4cd84982d62c3267c6d04337092df2f233366265a6edb11c0358e89
Data/metadata/transport/guangdong_geofabrik_20260826.json,metadata,2778,e75f8521c15dca89ba3bb29c3337e7dafcb9420235934304aace1e1eda6bcc35,830d8ba643a4a2394037a566542039e8e68a9b7466921415a8d4d65d8c0b6174
Data/metadata/transport/official_opening_source_ledger_meta.json,metadata,420,9c19ff7442214728603fa5907c502469a2c9bf4c02fcc86c3b678e36e168e94a,9c19ff7442214728603fa5907c502469a2c9bf4c02fcc86c3b678e36e168e94a
Data/metadata/transport/osm_d_route_members_20260826.json,metadata,1328,3dfabfb8652f448388a259119d7b375fa676c9bf2ab18f6dfb899f4796368bbf,3dfabfb8652f448388a259119d7b375fa676c9bf2ab18f6dfb899f4796368bbf
Data/metadata/transport/osm_gaoming_tram_geometry_20260826.json,metadata,987,c0f19911d3521fe0bd8de90d81bd967d083556cc6f2cbe563895bdf90b8322bb,c0f19911d3521fe0bd8de90d81bd967d083556cc6f2cbe563895bdf90b8322bb
Data/metadata/transport/osm_gba_passenger_rail_tracks_20260826.json,metadata,744,2549f0aa9efd405d8004bfeb046dd08b0e3ddb426f29313a2faf5ca42c77307e,2549f0aa9efd405d8004bfeb046dd08b0e3ddb426f29313a2faf5ca42c77307e
Data/metadata/transport/osm_gba_rail_route_relations_20260826.json,metadata,737,782c869ed7548e3e89986aed84a02c8d2578213e5e8b6314284f10421616b24f,782c869ed7548e3e89986aed84a02c8d2578213e5e8b6314284f10421616b24f
Data/metadata/transport/osm_gba_rail_stations_20260826.json,metadata,758,26745eb8e38d6109f042ffc4dfa421672b3ff23a4b9351589e2f1e004c47cc93,26745eb8e38d6109f042ffc4dfa421672b3ff23a4b9351589e2f1e004c47cc93
Data/metadata/transport/osm_hz1_route_members_20241101_20260826.json,metadata,1094,42d5f01815c9b4c0cc8b292ab5402ea1969ed85b0862d03f590aabb0082ed028,42d5f01815c9b4c0cc8b292ab5402ea1969ed85b0862d03f590aabb0082ed028
Data/metadata/transport/transport_analysis_grid.json,metadata,1955,0061bde55819f09a33c242f515c23be2b11dc2339793c2a649ec938dbb46f76c,0061bde55819f09a33c242f515c23be2b11dc2339793c2a649ec938dbb46f76c
Data/metadata/transport/transport_d_walk_pairs.json,metadata,1902,f97a4273122f9c51902da21f83776b50ebc6dce73fe895d8809262d58562feee,f97a4273122f9c51902da21f83776b50ebc6dce73fe895d8809262d58562feee
Data/metadata/transport/transport_d_walk_pairs_r3.json,metadata,1788,72e0cf788e18575860eae43c587a7fb0a374aa863a808217eb093794b1ef8efb,72e0cf788e18575860eae43c587a7fb0a374aa863a808217eb093794b1ef8efb
Data/metadata/transport/transport_pedestrian_graph.json,metadata,1826,bab5ba22b9bc0e8a94838825d190ed9c6b173e0324ceedc32ca27afe5a4829ce,bab5ba22b9bc0e8a94838825d190ed9c6b173e0324ceedc32ca27afe5a4829ce
Data/metadata/transport/transport_pedestrian_snaps.json,metadata,1233,df8c81b966baddcadba9378b9c90832bb953a80d6d45f3bcb849cfd3769920a8,df8c81b966baddcadba9378b9c90832bb953a80d6d45f3bcb849cfd3769920a8
Data/metadata/transport/transport_worldpop_2023.json,metadata,1520,29e09ee13264778d0126cd2ab9014b454911b7323165e48d5a43dd33c0f222f1,29e09ee13264778d0126cd2ab9014b454911b7323165e48d5a43dd33c0f222f1
Data/processed/transport/d_annual_accessibility_1km_aggregation.parquet,processed_results,653589,e2815f83a35a9e0ed32c14b6bd7d413aa7e8798429c50be6c53aff1538dbd6a4,e2815f83a35a9e0ed32c14b6bd7d413aa7e8798429c50be6c53aff1538dbd6a4
Data/processed/transport/d_annual_accessibility_cell.parquet,processed_results,3246890,df0da3738567879256b6314089c6131dc39b2531e484542d20babff7c5c0dc3e,df0da3738567879256b6314089c6131dc39b2531e484542d20babff7c5c0dc3e
Data/processed/transport/d_project_attribution_1km_aggregation.parquet,processed_results,1717798,4439025a40ed900c9a78b924e5c389e23c91f6860d163f0cfd4a98d85b4d2fae,4439025a40ed900c9a78b924e5c389e23c91f6860d163f0cfd4a98d85b4d2fae
Data/processed/transport/d_project_attribution_cell.parquet,processed_results,10706840,01dbc2b57087bcd9079ed5952a4a7e2446eab7404b59e67313f65c4665c669c3,01dbc2b57087bcd9079ed5952a4a7e2446eab7404b59e67313f65c4665c669c3
Data/processed/transport/d_project_attribution_cell_r2.parquet,processed_results,10577919,1a16581316a8f998d1fa127c50589b88f2f25b94f7e822bc1eb4de56860bf322,1a16581316a8f998d1fa127c50589b88f2f25b94f7e822bc1eb4de56860bf322
Data/processed/transport/d_project_attribution_cell_r3.parquet,processed_results,10708055,c50c0a93d9058bbf78f1f7255221ed0a286b437987bcc6d2594de136eeda973e,c50c0a93d9058bbf78f1f7255221ed0a286b437987bcc6d2594de136eeda973e
Data/processed/transport/transport_grid_1000m.parquet,frozen_input_or_support,1776537,37f40b2d006c7788a5fd234b1e2d250e28f5eddc5116fcc7ccb9774a99ae4fd3,37f40b2d006c7788a5fd234b1e2d250e28f5eddc5116fcc7ccb9774a99ae4fd3
Data/processed/transport/transport_grid_500m.parquet,frozen_input_or_support,7890602,6100c85e26241922547c01c0cdb55c56279dbda2454c4b889fe800d0476daf89,6100c85e26241922547c01c0cdb55c56279dbda2454c4b889fe800d0476daf89
Data/processed/transport/worldpop_2023_destination_pixels.parquet,frozen_input_or_support,2044409,df6e4cb067076185d97cc2fa70289b44e1608fdc765e4d2914ed0c3c3eb7af21,df6e4cb067076185d97cc2fa70289b44e1608fdc765e4d2914ed0c3c3eb7af21
Data/processed/transport/worldpop_2023_origin_weights_500m.parquet,frozen_input_or_support,2646641,79b94c2cd9e1910dd37409bce74ba1455171a81af04048d6437ab876eb17496e,79b94c2cd9e1910dd37409bce74ba1455171a81af04048d6437ab876eb17496e
Environment/requirements-analysis.txt,frozen_input_or_support,157,7326804aa6be918a0072c5174085c4d3a9950635ac356ad88fb963a946dc0f24,7326804aa6be918a0072c5174085c4d3a9950635ac356ad88fb963a946dc0f24
Environment/requirements-data.txt,frozen_input_or_support,345,40208d349ef2bf2488f721be210ae35ea6955c967fa6e4b29749a1de5a690c15,40208d349ef2bf2488f721be210ae35ea6955c967fa6e4b29749a1de5a690c15
Environment/requirements-lock.txt,frozen_input_or_support,1848,49987f06e503e8c9ec91672931a9811e14c20a82a3c1b3493a3d0ba044c749e0,49987f06e503e8c9ec91672931a9811e14c20a82a3c1b3493a3d0ba044c749e0
Environment/system-tools.txt,frozen_input_or_support,232,3dbc5f5dd72d80c0054d5c64fe6134bc29f1cfebaf17d8c7d1be6ccd2dfb5d46,3dbc5f5dd72d80c0054d5c64fe6134bc29f1cfebaf17d8c7d1be6ccd2dfb5d46
Figures/transport/main/fig0_workflow_schematic.pdf,figures,38238,d7c878987e0de0cf49a11c4e2624c61e4a0ddb22251af67db92c0c766a697a3a,d7c878987e0de0cf49a11c4e2624c61e4a0ddb22251af67db92c0c766a697a3a
Figures/transport/main/fig1_tri_city_network_evolution.pdf,figures,563390,fa5327e14ff340cf5ead62947017dcf38008025263f524f5bcb159b8e7495da5,fa5327e14ff340cf5ead62947017dcf38008025263f524f5bcb159b8e7495da5
Figures/transport/main/fig2_accessibility_change_maps.pdf,figures,290907,c87a0d0eaa709acc56dfb9018980ea09b55df1c78da86f8b18e06b0938aa54fe,c87a0d0eaa709acc56dfb9018980ea09b55df1c78da86f8b18e06b0938aa54fe
Figures/transport/main/fig3_project_rank_matrix.pdf,figures,56045,3376d60f5aeb109398b37c4f0419d664daef24f9e5cc887be75cb4960368f13f,3376d60f5aeb109398b37c4f0419d664daef24f9e5cc887be75cb4960368f13f
Figures/transport/main/fig4_project_spatial_footprints.pdf,figures,240203,0cf57ad79b1a975746b5332cd6bb8d88256770ef910be058055c6db96f703e83,0cf57ad79b1a975746b5332cd6bb8d88256770ef910be058055c6db96f703e83
Figures/transport/main/fig5_coverage_margin_decomposition.pdf,figures,31880,fb835fe2e829f1effb406ecb6b3c1e21afc8cc1d796c4a7a4b3f3609c089a7ea,fb835fe2e829f1effb406ecb6b3c1e21afc8cc1d796c4a7a4b3f3609c089a7ea
Figures/transport/main/fig6_sensitivity_comparisons.pdf,figures,45551,24bcd367f4f11485ea38091c173028e783d77b27c14e029d692e38d1aece9dd9,24bcd367f4f11485ea38091c173028e783d77b27c14e029d692e38d1aece9dd9
Figures/transport/source/fig0_workflow_graphviz_revised.dot,code,2026,9198f7fc1bf003cc014bdd8ada66a94f01dc8dd8e1a1147d5de68a82d2309ac3,9198f7fc1bf003cc014bdd8ada66a94f01dc8dd8e1a1147d5de68a82d2309ac3
Figures/transport/source/gen_fig0_workflow_schematic.py,code,1214,356d186878b7e859c50d8a7666ffe7c20e98627360a86d4789e25dd8e88757f0,356d186878b7e859c50d8a7666ffe7c20e98627360a86d4789e25dd8e88757f0
Figures/transport/source/gen_fig1_tri_city_network_evolution.py,code,6303,52eb0064d155eb732ab4c401e1bd09d915b93714820f298dd2993a6439590143,52eb0064d155eb732ab4c401e1bd09d915b93714820f298dd2993a6439590143
Figures/transport/source/gen_fig2_accessibility_change_maps.py,code,6117,95d333675a314e1f48a1e1bc452409724eca0ea479f850bb6704e631973ca8e8,95d333675a314e1f48a1e1bc452409724eca0ea479f850bb6704e631973ca8e8
Figures/transport/source/gen_fig3_project_rank_matrix.py,code,5353,b20c6513173ed8c05edfa2ed19c17b6b4bc91db511389ba1bcfa964b5d67ad7a,b20c6513173ed8c05edfa2ed19c17b6b4bc91db511389ba1bcfa964b5d67ad7a
Figures/transport/source/gen_fig4_project_spatial_footprints.py,code,6773,e610319d4434fa2b877ef5904954f1db1437a153277050e288b86dec284584c3,e610319d4434fa2b877ef5904954f1db1437a153277050e288b86dec284584c3
Figures/transport/source/gen_fig5_coverage_margin_decomposition.py,code,3570,3a3b6a6e6ab87b931522a71304c6811184d2bc77823aef943a1ea0d2785a9ea2,3a3b6a6e6ab87b931522a71304c6811184d2bc77823aef943a1ea0d2785a9ea2
Figures/transport/source/gen_fig6_sensitivity_comparisons.py,code,8291,e86ada08e688ca3aceca3094d29bcb7c6a570fee24c1f828e3ea234129e929ff,e86ada08e688ca3aceca3094d29bcb7c6a570fee24c1f828e3ea234129e929ff
Figures/transport/source/gen_figs1_annual_total_opportunity_atlas.py,code,313,4d1834c3ad9843be491bd583d494b1d85483f405c10aaa90f5861d3a1a7cc7d0,4d1834c3ad9843be491bd583d494b1d85483f405c10aaa90f5861d3a1a7cc7d0
Figures/transport/source/gen_figs2_annual_cross_city_atlas.py,code,339,c70bd5c6b8b2929eeed028fdde97fc5c489f7fab49271d2b95d4fda49e86a65b,c70bd5c6b8b2929eeed028fdde97fc5c489f7fab49271d2b95d4fda49e86a65b
Figures/transport/source/gen_figs3_annual_coverage_atlas.py,code,284,bac36c07acad7e2592fc57430e2529783e96d2db6b55ffd35d1697f658ecfa56,bac36c07acad7e2592fc57430e2529783e96d2db6b55ffd35d1697f658ecfa56
Figures/transport/source/gen_figs4_all_project_total_atlas.py,code,322,9955372b02718e1d061238d0e26ea97421ea603811c01dbb384e33b337e292e9,9955372b02718e1d061238d0e26ea97421ea603811c01dbb384e33b337e292e9
Figures/transport/source/gen_figs5_all_project_cross_city_atlas.py,code,360,a21240bb57726219203eaa170f50eafc4a17bf4e8326b579006b600272e39ff8,a21240bb57726219203eaa170f50eafc4a17bf4e8326b579006b600272e39ff8
Figures/transport/source/gen_figs6_all_project_coverage_atlas.py,code,298,245cfe86ac59a240576a03fdd460d609c2b9453a0b3a6282f9f43a2ac84c031e,245cfe86ac59a240576a03fdd460d609c2b9453a0b3a6282f9f43a2ac84c031e
Figures/transport/source/gen_figs7_event_detail_atlas.py,code,6713,66fe3a64d9de408d1c88fda05fb7bbf1fceb9a9c62479d8895e75328d669325c,66fe3a64d9de408d1c88fda05fb7bbf1fceb9a9c62479d8895e75328d669325c
Figures/transport/source/qa_panel_alignment.py,code,39364,43958e6b49d897f326ff64e73cbed0bf057e17c06533b5b57d3dededf8111e76,43958e6b49d897f326ff64e73cbed0bf057e17c06533b5b57d3dededf8111e76
Figures/transport/source/transport_figure_common.py,code,22205,880eaae3780bcd326c40ca8b819575d766c745825a94b18fce3952c95fb3d1cc,8fab1bfdae519a26fb4d6bdf8953090c02713ad09ec34bbb466e67c77a00382f
Figures/transport/supplementary/figs1_annual_total_opportunity_atlas.pdf,figures,240395,08f1852dc379aa13c996eda24a9f503251bf3d459158a4a071669ed7d4275ff4,08f1852dc379aa13c996eda24a9f503251bf3d459158a4a071669ed7d4275ff4
Figures/transport/supplementary/figs2_annual_cross_city_atlas.pdf,figures,238857,ee77958240e33343a6ff84eee1f9c5aa14620e3e34b27a9caa29ef72b3e007ea,ee77958240e33343a6ff84eee1f9c5aa14620e3e34b27a9caa29ef72b3e007ea
Figures/transport/supplementary/figs3_annual_coverage_atlas.pdf,figures,219062,0f171f97cc6e0065026a523eaba751803ce39cab5f6dac9d0a8d34f8c39d9fbc,0f171f97cc6e0065026a523eaba751803ce39cab5f6dac9d0a8d34f8c39d9fbc
Figures/transport/supplementary/figs4_all_project_total_atlas.pdf,figures,781872,d5441c377bb19dd33d6e6001db9270e8c1eda792a3e3b72ec67ac47e5157b07e,d5441c377bb19dd33d6e6001db9270e8c1eda792a3e3b72ec67ac47e5157b07e
Figures/transport/supplementary/figs5_all_project_cross_city_atlas.pdf,figures,758446,293aeca783a98e6731f7dc97671c6017d8a851194cec5fdab1f20b610081f31e,293aeca783a98e6731f7dc97671c6017d8a851194cec5fdab1f20b610081f31e
Figures/transport/supplementary/figs6_all_project_coverage_atlas.pdf,figures,734827,e01f90cfc8e9e768917013677b2c71ad4d2fa0bdf1fa33a3fe07de8d91beec63,e01f90cfc8e9e768917013677b2c71ad4d2fa0bdf1fa33a3fe07de8d91beec63
Figures/transport/supplementary/figs7_event_detail_atlas.pdf,figures,3329127,35505564c5aa60ef8dd79ea5d02e59ab072d25f507ecec249577bb5f4b8ee502,35505564c5aa60ef8dd79ea5d02e59ab072d25f507ecec249577bb5f4b8ee502
Figures/transport/svg/main/fig0_workflow_schematic.svg,figures,9423,25addade29374bd2484d21d14c12adbe78638faa83c88c794c5e5ac2846fa42c,25addade29374bd2484d21d14c12adbe78638faa83c88c794c5e5ac2846fa42c
Figures/transport/svg/main/fig1_tri_city_network_evolution.svg,figures,1659298,98f10dcfc6687fdc225d73701c8a869c3f4882e9bada5c7e3921a7fda18d6755,98f10dcfc6687fdc225d73701c8a869c3f4882e9bada5c7e3921a7fda18d6755
Figures/transport/svg/main/fig2_accessibility_change_maps.svg,figures,508270,8a87abd6e38ed5925275ea4517c90051200746e89c9f897c55b2c9296fe40c7c,8a87abd6e38ed5925275ea4517c90051200746e89c9f897c55b2c9296fe40c7c
Figures/transport/svg/main/fig3_project_rank_matrix.svg,figures,82704,1722d22fcba8be0a052627d28ef1a0ef8b5551b79c767bd1061dc0ff03fea7fe,1722d22fcba8be0a052627d28ef1a0ef8b5551b79c767bd1061dc0ff03fea7fe
Figures/transport/svg/main/fig4_project_spatial_footprints.svg,figures,417907,39613f01f80291330f7a81516150c58beb3cbf103952d90bd37d93b98b80cbb3,39613f01f80291330f7a81516150c58beb3cbf103952d90bd37d93b98b80cbb3
Figures/transport/svg/main/fig5_coverage_margin_decomposition.svg,figures,16997,3447e6dbd3ba5e10646b80992c992d1e9094a1204ac383229e1eb1aa07be305b,3447e6dbd3ba5e10646b80992c992d1e9094a1204ac383229e1eb1aa07be305b
Figures/transport/svg/main/fig6_sensitivity_comparisons.svg,figures,104816,48f2e5ef1d384dce41566c5cf4a16e019a261534adf8893e1785298217cb8ed0,48f2e5ef1d384dce41566c5cf4a16e019a261534adf8893e1785298217cb8ed0
Figures/transport/svg/supplementary/figs1_annual_total_opportunity_atlas.svg,figures,416298,55a425a9cab1e7b321ee09a4f1b85f91bab6ca1e78b999fc8fc58d601dd3edb2,55a425a9cab1e7b321ee09a4f1b85f91bab6ca1e78b999fc8fc58d601dd3edb2
Figures/transport/svg/supplementary/figs2_annual_cross_city_atlas.svg,figures,403621,0cdac0f8462c90f387c8de39a928d01c98a38f97d1503d18b4c5f549ba08a5ac,0cdac0f8462c90f387c8de39a928d01c98a38f97d1503d18b4c5f549ba08a5ac
Figures/transport/svg/supplementary/figs3_annual_coverage_atlas.svg,figures,359957,680385fb77919419654bcb18dbfd0b5fa6a80c982d130457051782a680ae2648,680385fb77919419654bcb18dbfd0b5fa6a80c982d130457051782a680ae2648
Figures/transport/svg/supplementary/figs4_all_project_total_atlas.svg,figures,1596283,c942cf5e42e91f89d5ddbeb495808b61239f8a1e103f0e25d03d8a4d30f984f3,c942cf5e42e91f89d5ddbeb495808b61239f8a1e103f0e25d03d8a4d30f984f3
Figures/transport/svg/supplementary/figs5_all_project_cross_city_atlas.svg,figures,1526339,e24c42b7bd3dc0bda40310ab73bef08f2a19a6d9c22874aad731426bd6860beb,e24c42b7bd3dc0bda40310ab73bef08f2a19a6d9c22874aad731426bd6860beb
Figures/transport/svg/supplementary/figs6_all_project_coverage_atlas.svg,figures,1423853,d78c6cb6cb84593dd1af1a5504fdf95be6e5ecf9d17e0dac5f38b3063a4af5e1,d78c6cb6cb84593dd1af1a5504fdf95be6e5ecf9d17e0dac5f38b3063a4af5e1
Figures/transport/svg/supplementary/figs7_event_detail_atlas_pages/figs7_event_detail_atlas_p01.svg,figures,180619,eeaf5db1f1deac263de34c62ca9c531a291d4be09b692e5d1e8b1c64fb484bc1,eeaf5db1f1deac263de34c62ca9c531a291d4be09b692e5d1e8b1c64fb484bc1
Figures/transport/svg/supplementary/figs7_event_detail_atlas_pages/figs7_event_detail_atlas_p02.svg,figures,180643,c636a2b756f4f8da4de4bbf94eeb2d40dfa288fc14a17f5efb4ebc6d6385c910,c636a2b756f4f8da4de4bbf94eeb2d40dfa288fc14a17f5efb4ebc6d6385c910
Figures/transport/svg/supplementary/figs7_event_detail_atlas_pages/figs7_event_detail_atlas_p03.svg,figures,196158,8d13d76ba01c0c060b7034a63f4757e060b11c3cbbaa6a09a22d634264048227,8d13d76ba01c0c060b7034a63f4757e060b11c3cbbaa6a09a22d634264048227
Figures/transport/svg/supplementary/figs7_event_detail_atlas_pages/figs7_event_detail_atlas_p04.svg,figures,247844,f50c77b9e50055b7119daa3eb66f2fe6b4c2bf8c76ed29b36831a4c4aa128650,f50c77b9e50055b7119daa3eb66f2fe6b4c2bf8c76ed29b36831a4c4aa128650
Figures/transport/svg/supplementary/figs7_event_detail_atlas_pages/figs7_event_detail_atlas_p05.svg,figures,229694,4f5829a3626a3a7687ddb33266efd457a57ed7aede16e0fbf0739a0ef36abf64,4f5829a3626a3a7687ddb33266efd457a57ed7aede16e0fbf0739a0ef36abf64
Figures/transport/svg/supplementary/figs7_event_detail_atlas_pages/figs7_event_detail_atlas_p06.svg,figures,273426,10b44f08111b1aeb289a69cdf0dcba21727afffd9cca0a0922c59b447184b0d5,10b44f08111b1aeb289a69cdf0dcba21727afffd9cca0a0922c59b447184b0d5
Figures/transport/svg/supplementary/figs7_event_detail_atlas_pages/figs7_event_detail_atlas_p07.svg,figures,191858,07ffd9180b37c619a657d169dffd6187c05c08a6c2b069dd317770d5f30acbc9,07ffd9180b37c619a657d169dffd6187c05c08a6c2b069dd317770d5f30acbc9
Figures/transport/svg/supplementary/figs7_event_detail_atlas_pages/figs7_event_detail_atlas_p08.svg,figures,190608,5f29e5376e65e793c8dd310aeb0a1c87c0b56a2995084d68c6c845998ce3900a,5f29e5376e65e793c8dd310aeb0a1c87c0b56a2995084d68c6c845998ce3900a
Figures/transport/svg/supplementary/figs7_event_detail_atlas_pages/figs7_event_detail_atlas_p09.svg,figures,210809,179d9566f9ee96263290ce0855b60c899c776683a9eca190dd537b6516e0b6da,179d9566f9ee96263290ce0855b60c899c776683a9eca190dd537b6516e0b6da
Figures/transport/svg/supplementary/figs7_event_detail_atlas_pages/figs7_event_detail_atlas_p10.svg,figures,226762,2c61a8bcc07c46f00a3d39ab83e9b7ed56c06d1f9aacac0aa66a5e6ee7e393ce,2c61a8bcc07c46f00a3d39ab83e9b7ed56c06d1f9aacac0aa66a5e6ee7e393ce
Figures/transport/svg/supplementary/figs7_event_detail_atlas_pages/figs7_event_detail_atlas_p11.svg,figures,218796,e230a6d87448436accc66409df70930ca604a06f235bbdada8a84e297b54acd3,e230a6d87448436accc66409df70930ca604a06f235bbdada8a84e297b54acd3
Figures/transport/svg/supplementary/figs7_event_detail_atlas_pages/figs7_event_detail_atlas_p12.svg,figures,213803,28cc04707d78f1ddf43b84ce5a2bb601e7c7d5a32453234f9867ff5bad376b03,28cc04707d78f1ddf43b84ce5a2bb601e7c7d5a32453234f9867ff5bad376b03
Figures/transport/svg/supplementary/figs7_event_detail_atlas_pages/figs7_event_detail_atlas_p13.svg,figures,207288,e1530d412a30096fafbd92adeddedd0a4c9b52ae535571d24888727143221af5,e1530d412a30096fafbd92adeddedd0a4c9b52ae535571d24888727143221af5
Figures/transport/svg/supplementary/figs7_event_detail_atlas_pages/figs7_event_detail_atlas_p14.svg,figures,218310,f7caf755170a2c0c814d4936c36f64330cd810a7da883eccfe038cc982454e36,f7caf755170a2c0c814d4936c36f64330cd810a7da883eccfe038cc982454e36
Figures/transport/svg/supplementary/figs7_event_detail_atlas_pages/figs7_event_detail_atlas_p15.svg,figures,257583,d9c931ce7d325807cd070a84f15f48da77bd52e454af297a18c974062599038b,d9c931ce7d325807cd070a84f15f48da77bd52e454af297a18c974062599038b
Figures/transport/svg/supplementary/figs7_event_detail_atlas_pages/figs7_event_detail_atlas_p16.svg,figures,200194,a3c46137df7aa3235c54c6902c40923d0442e56e3268e8f30785703cdb77939f,a3c46137df7aa3235c54c6902c40923d0442e56e3268e8f30785703cdb77939f
Figures/transport/svg/supplementary/figs7_event_detail_atlas_pages/figs7_event_detail_atlas_p17.svg,figures,228677,a2f68ae0dbe7a23f1bae949267e5d7475b4c6a6efd34f39a2e37c359ec3dd1b4,a2f68ae0dbe7a23f1bae949267e5d7475b4c6a6efd34f39a2e37c359ec3dd1b4
Figures/transport/svg/supplementary/figs7_event_detail_atlas_pages/figs7_event_detail_atlas_p18.svg,figures,186971,5f33f09e0a2e821ddd394e19fbd55da493ff7dbe4c66e1957412a35716734791,5f33f09e0a2e821ddd394e19fbd55da493ff7dbe4c66e1957412a35716734791
Figures/transport/svg/supplementary/figs7_event_detail_atlas_pages/figs7_event_detail_atlas_p19.svg,figures,199750,48f774368f3ee0828a5769f40cd102d17c2c4698f648ea0fc7d5de12b409a0e0,48f774368f3ee0828a5769f40cd102d17c2c4698f648ea0fc7d5de12b409a0e0
Figures/transport/svg/supplementary/figs7_event_detail_atlas_pages/figs7_event_detail_atlas_p20.svg,figures,273111,8380572861bb88c7b082025f26969e98fd0eef5a92eba25546d5853975e010f3,8380572861bb88c7b082025f26969e98fd0eef5a92eba25546d5853975e010f3
Figures/transport/svg/supplementary/figs7_event_detail_atlas_pages/figs7_event_detail_atlas_p21.svg,figures,186635,e672ec35c8ead269f0ec4a38219289b3263062889cc89f8c49a8084b3714ac4f,e672ec35c8ead269f0ec4a38219289b3263062889cc89f8c49a8084b3714ac4f
Figures/transport/svg/supplementary/figs7_event_detail_atlas_pages/figs7_event_detail_atlas_p22.svg,figures,197890,e4d5a18d892b103626f2daa2ce324c5b9710303425b62181614509f2368afea7,e4d5a18d892b103626f2daa2ce324c5b9710303425b62181614509f2368afea7
Figures/transport/svg/supplementary/figs7_event_detail_atlas_pages/figs7_event_detail_atlas_p23.svg,figures,216466,8d1690eb3f29e96daeba361aad834d4cdae75f6eb9df641bf906a0c30981c7a4,8d1690eb3f29e96daeba361aad834d4cdae75f6eb9df641bf906a0c30981c7a4
Figures/transport/svg/supplementary/figs7_event_detail_atlas_pages/figs7_event_detail_atlas_p24.svg,figures,342971,a43bb31fe334591f71ca81b6db6bf225bb588fd71fc9082c53ab66650d07d849,a43bb31fe334591f71ca81b6db6bf225bb588fd71fc9082c53ab66650d07d849
Figures/transport/svg/supplementary/figs7_event_detail_atlas_pages/figs7_event_detail_atlas_p25.svg,figures,190549,ea2c77625051a8f36985439b873ea0d5200b200c381abdc4cbd444a12c8c4b76,ea2c77625051a8f36985439b873ea0d5200b200c381abdc4cbd444a12c8c4b76
Figures/transport/svg/supplementary/figs7_event_detail_atlas_pages/figs7_event_detail_atlas_p26.svg,figures,236657,765d220ef5f97f3d4a90ab13788e6e3320fcd6a81c7117c11dc7348de9888169,765d220ef5f97f3d4a90ab13788e6e3320fcd6a81c7117c11dc7348de9888169
Figures/transport/svg/supplementary/figs7_event_detail_atlas_pages/figs7_event_detail_atlas_p27.svg,figures,197745,f2711a06b5fddb7dce58db1d734f2380daeda8a7992fe53624c5781055a32ea1,f2711a06b5fddb7dce58db1d734f2380daeda8a7992fe53624c5781055a32ea1
Figures/transport/svg/supplementary/figs7_event_detail_atlas_pages/figs7_event_detail_atlas_p28.svg,figures,192618,aef7f14cd1cf4d798f6bc0b4aca9033af586d05f79259156df2c88711dde7b53,aef7f14cd1cf4d798f6bc0b4aca9033af586d05f79259156df2c88711dde7b53
Figures/transport/svg/supplementary/figs7_event_detail_atlas_pages/figs7_event_detail_atlas_p29.svg,figures,262974,fd5ad838104a0333feaed531beebc4143ec74c2f024458e889651487c5c465f0,fd5ad838104a0333feaed531beebc4143ec74c2f024458e889651487c5c465f0
Results/figures/transport/fig0_workflow_schematic.json,figure_metadata,434,fd139e8cdf386a1dd268cbd424e557d4c9dd8ca38d64b1b78243552932700fbe,fd139e8cdf386a1dd268cbd424e557d4c9dd8ca38d64b1b78243552932700fbe
Results/figures/transport/fig1_tri_city_network_evolution.json,figure_metadata,729,3fcf60b879d55d39519435b85a4de3c01f65b5ad1304a83ee1a85010e1bcdb11,3fcf60b879d55d39519435b85a4de3c01f65b5ad1304a83ee1a85010e1bcdb11
Results/figures/transport/fig2_accessibility_change_maps.json,figure_metadata,1752,9c4ab5121c738510c39a144beacc0694d9046d848737dd42962c55c34c9f196a,9c4ab5121c738510c39a144beacc0694d9046d848737dd42962c55c34c9f196a
Results/figures/transport/fig3_project_rank_matrix.json,figure_metadata,13018,f8514a5196af9911052e1b7d8b076c95057e37eb30c4fb69b3e14938ac6d8a22,f8514a5196af9911052e1b7d8b076c95057e37eb30c4fb69b3e14938ac6d8a22
Results/figures/transport/fig4_project_spatial_footprints.json,figure_metadata,3203,5470847ad68b60d0e2536a4ea93f0bfd5e006fccefbf0847b07c24a49fb2112c,5470847ad68b60d0e2536a4ea93f0bfd5e006fccefbf0847b07c24a49fb2112c
Results/figures/transport/fig5_coverage_margin_decomposition.json,figure_metadata,1221,3b919988551b62f60ff0b579a037ce5980a9786a0768897646b4c4013a780c19,3b919988551b62f60ff0b579a037ce5980a9786a0768897646b4c4013a780c19
Results/figures/transport/fig6_sensitivity_comparisons.json,figure_metadata,5752,a354b4bfb683319a1403a1db3064e3a65e40101d1ef004647c22cbe1e2bbbb10,a354b4bfb683319a1403a1db3064e3a65e40101d1ef004647c22cbe1e2bbbb10
Results/figures/transport/figs1_annual_total_opportunity_atlas.json,figure_metadata,444,c8be803e69ed411eeb3e6ee021de6569daa34e4c5ca0b0818a4deefa76c3c9fb,c8be803e69ed411eeb3e6ee021de6569daa34e4c5ca0b0818a4deefa76c3c9fb
Results/figures/transport/figs2_annual_cross_city_atlas.json,figure_metadata,449,f1d7e3df7c16b8b1e334e23df5192f8603cdeda53fb62a8aad30cffbdc1cf3a5,f1d7e3df7c16b8b1e334e23df5192f8603cdeda53fb62a8aad30cffbdc1cf3a5
Results/figures/transport/figs3_annual_coverage_atlas.json,figure_metadata,419,067ce76379476627de4ebdb5ab553874509784b9294f1f6d9ced6557a9b28b6c,067ce76379476627de4ebdb5ab553874509784b9294f1f6d9ced6557a9b28b6c
Results/figures/transport/figs4_all_project_total_atlas.json,figure_metadata,5906,9321432b83af7de682d6b71b7964644ff8f43f3b2f058f51548ef69d8aceef10,9321432b83af7de682d6b71b7964644ff8f43f3b2f058f51548ef69d8aceef10
Results/figures/transport/figs5_all_project_cross_city_atlas.json,figure_metadata,5912,c5fc0b5dc9b22e3899bb763aa9a54ea653a8e484dc638e4efaaa4655c2a649d0,c5fc0b5dc9b22e3899bb763aa9a54ea653a8e484dc638e4efaaa4655c2a649d0
Results/figures/transport/figs6_all_project_coverage_atlas.json,figure_metadata,5884,cf9e51b636e5c392f71ec9847121b0312f611d7462e9c66049a23d70273d971a,cf9e51b636e5c392f71ec9847121b0312f611d7462e9c66049a23d70273d971a
Results/figures/transport/figs7_event_detail_atlas.json,figure_metadata,10068,355ac9101db26dbd4bb6b6c39c55c6a1975519ea9ad120b9a99c147380e4ce1a,355ac9101db26dbd4bb6b6c39c55c6a1975519ea9ad120b9a99c147380e4ce1a
Results/pilots/transport_d_1km_aggregation_sensitivity_audit.json,frozen_input_or_support,3399,bef3e6066b25d7e122bdb8bca575338c0b1addf355b7b10d85ebdd2b44c5103e,bef3e6066b25d7e122bdb8bca575338c0b1addf355b7b10d85ebdd2b44c5103e
Results/pilots/transport_d_accessibility_preopen_manifest.json,frozen_input_or_support,7293,fa4e50a6f1fa9737c1e73dd2f61494235a91edcf448e28b1b678c93bda835893,fa4e50a6f1fa9737c1e73dd2f61494235a91edcf448e28b1b678c93bda835893
Results/pilots/transport_d_event_state_reproduction_audit.json,frozen_input_or_support,7332,90699a02993c108d1cf1f1cad495acd3ff348349f1a2836ae6e35abf3b417b4d,90699a02993c108d1cf1f1cad495acd3ff348349f1a2836ae6e35abf3b417b4d
Results/pilots/transport_d_event_stratum_summary_audit.json,frozen_input_or_support,2088,be93a87be3b013e3fbedd28100a03ed5debea99ae8199eb727a6548079eafba1,be93a87be3b013e3fbedd28100a03ed5debea99ae8199eb727a6548079eafba1
Results/pilots/transport_d_independent_path_validation_audit.json,frozen_input_or_support,1717,103a3953316c03261df26dcf057ba47a34e55f7fb44f00cd28b9d3533284e7bd,103a3953316c03261df26dcf057ba47a34e55f7fb44f00cd28b9d3533284e7bd
Results/pilots/transport_d_r3_selection_audit.json,frozen_input_or_support,2720,6fe308ff56691b74d401b0770db234538d5531ccb75385560f21aa76b9a92441,6fe308ff56691b74d401b0770db234538d5531ccb75385560f21aa76b9a92441
Results/pilots/transport_worldpop_2023_audit.json,frozen_input_or_support,1814,93b5cd4b8daaf66b19a0f4cf79b342c50bdeaef1e498eb740337bf0ec486036b,93b5cd4b8daaf66b19a0f4cf79b342c50bdeaef1e498eb740337bf0ec486036b
Results/replays/ijgi_revision_20260827/DERIVED_REPLAY_RECEIPT.json,frozen_input_or_support,1520,b3ae6050b7ccb2936120c9a499d916e8da90051f8ac2bfb086e185e20e060446,b3ae6050b7ccb2936120c9a499d916e8da90051f8ac2bfb086e185e20e060446
Results/tables/transport_d_500m_1km_comparison.csv,tables,13549,e3f1de38f3a238738b2ff8a91c8cd999ad07978aad2ecd8f0b313e9badfa2ed3,e3f1de38f3a238738b2ff8a91c8cd999ad07978aad2ecd8f0b313e9badfa2ed3
Results/tables/transport_d_aggregation_sensitivity_summary.csv,tables,545,cfff3c6dab88455c6833920f67f6972a6b9f654ec712b24abfa640ff4cfcf592,cfff3c6dab88455c6833920f67f6972a6b9f654ec712b24abfa640ff4cfcf592
Results/tables/transport_d_annual_city_summary.csv,tables,5435,8bb112cd684af8169a7a5482ffc85e83d3d9a8220ce6dc04e7076c0a76d73578,8bb112cd684af8169a7a5482ffc85e83d3d9a8220ce6dc04e7076c0a76d73578
Results/tables/transport_d_baseline_coverage_decomposition.csv,tables,140384,2a8a97f7d662e9cc53c3e46a426789b2206881f26e70021444059f4d4957cb36,2a8a97f7d662e9cc53c3e46a426789b2206881f26e70021444059f4d4957cb36
Results/tables/transport_d_city_support_and_change.csv,tables,1069,4902407f9520a47087be43bfffefc91deb6be6e806397c547d6a20eb804cc26c,4902407f9520a47087be43bfffefc91deb6be6e806397c547d6a20eb804cc26c
Results/tables/transport_d_destination_support.csv,tables,833,bd2b713f2ac5d383fca5e4a54148121639b35e3e0eba9791f42e32140aedc9ef,bd2b713f2ac5d383fca5e4a54148121639b35e3e0eba9791f42e32140aedc9ef
Results/tables/transport_d_event_results_supplement.csv,tables,6835,c62ad7dba4e53967623cde16c8b50f6f9ec9950fe457b7ad485de87e83b25cb6,c62ad7dba4e53967623cde16c8b50f6f9ec9950fe457b7ad485de87e83b25cb6
Results/tables/transport_d_event_source_topology_ledger.csv,tables,22453,3e936824b4da2f88a38e4e588ab7461918d61f885f53fcc8fca1f667c87549f1,9c6e18b21446eed1b6354732f4108e7e1f58ea53fd4ee4bd23d38488c76581d9
Results/tables/transport_d_event_stratum_summary.csv,tables,7830,81c36a5998b0bd8d51d0518bb017fb5d25aefcc08c3dc260292b78d48de4beb3,81c36a5998b0bd8d51d0518bb017fb5d25aefcc08c3dc260292b78d48de4beb3
Results/tables/transport_d_independent_od_time_validation.csv,tables,387858,7ce250e9887e6b37a000d7bf8b295adf4a15410c7433ef6c4cd83c4b77f5fb5e,7ce250e9887e6b37a000d7bf8b295adf4a15410c7433ef6c4cd83c4b77f5fb5e
Results/tables/transport_d_independent_station_path_validation.csv,tables,764117,25dc6e43145a5833d2687904ec6c040d897c42983452e3894791be54eb75bc1b,25dc6e43145a5833d2687904ec6c040d897c42983452e3894791be54eb75bc1b
Results/tables/transport_d_integrity_checklist.csv,tables,1202,1de3294946dc6fbaf0daf2bed59da7be89fe480f5d2ad62dba1624a630909b3e,1de3294946dc6fbaf0daf2bed59da7be89fe480f5d2ad62dba1624a630909b3e
Results/tables/transport_d_project_aggregation_sensitivity.csv,tables,5895,8cda618008d0135b2c49d64447373bcaf0ad5cd13c860481ceb4569290593bef,8cda618008d0135b2c49d64447373bcaf0ad5cd13c860481ceb4569290593bef
Results/tables/transport_d_project_city_summary.parquet,tables,18597,5f1a9909ab3ca6cccb60e20b82b918f7e6b8ecf3617c1df4cc418aeffe629bf9,5f1a9909ab3ca6cccb60e20b82b918f7e6b8ecf3617c1df4cc418aeffe629bf9
Results/tables/transport_d_project_city_summary_r2.parquet,tables,18453,443f9da90709173b7496a40b73e0d88a514a487310647f888c262ab0870ceae2,443f9da90709173b7496a40b73e0d88a514a487310647f888c262ab0870ceae2
Results/tables/transport_d_project_city_summary_r3.parquet,tables,18626,d6989c83b9b755df1795db47c396c11ce96b2eae0f6766d14b8e11fba85d43ba,d6989c83b9b755df1795db47c396c11ce96b2eae0f6766d14b8e11fba85d43ba
Results/tables/transport_d_project_rankings.csv,tables,12921,033e38ee092a1700877f4426593054180a521ec8c73cd4358aabab0083d8a174,033e38ee092a1700877f4426593054180a521ec8c73cd4358aabab0083d8a174
Results/tables/transport_d_project_spatial_reach.csv,tables,5007,461b886994947382f9757a802d21d0be342f3d16816c026d56930748623532bf,461b886994947382f9757a802d21d0be342f3d16816c026d56930748623532bf
Results/tables/transport_d_project_summary.csv,tables,6927,7d7faacecef63f6619715e0ed6685819233a53d9ebd57e8b8a68e5472899ef8a,7d7faacecef63f6619715e0ed6685819233a53d9ebd57e8b8a68e5472899ef8a
Results/tables/transport_d_project_summary_1km.csv,tables,5982,1093b849e026836d196325ca0f6acf0e674e66a14bd0dbbdd80d0a70e3cd03ab,1093b849e026836d196325ca0f6acf0e674e66a14bd0dbbdd80d0a70e3cd03ab
Results/tables/transport_d_project_summary_r2.csv,tables,6882,b13c38aaed3d40dcb0a4666b2c103d3cd1340d29f80c3394dd35b0caff8e147f,b13c38aaed3d40dcb0a4666b2c103d3cd1340d29f80c3394dd35b0caff8e147f
Results/tables/transport_d_project_summary_r3.csv,tables,6937,7d89480b4a73e8fc61d6f68af5b12a723850e3cb17c1c1b53a96718ffe6a176b,7d89480b4a73e8fc61d6f68af5b12a723850e3cb17c1c1b53a96718ffe6a176b
Results/tables/transport_d_r0_r2_comparison.csv,tables,12592,9ed496879b209daca5bf637251138beb1fa0d91968934bacfaee57cb5f8cfd42,9ed496879b209daca5bf637251138beb1fa0d91968934bacfaee57cb5f8cfd42
Results/tables/transport_d_r0_r3_comparison.csv,tables,12652,9b4b3dddbe78a6eef151b1681fc1bbb5950995bcda12e931ad4901c62f14507c,9b4b3dddbe78a6eef151b1681fc1bbb5950995bcda12e931ad4901c62f14507c
Results/transport_d_accessibility_opening.json,run_records,80049,79d777a8f49cd24ac8f4bfb833739db716e55c7ed782b8ebd88a5de1fa4bf5f0,79d777a8f49cd24ac8f4bfb833739db716e55c7ed782b8ebd88a5de1fa4bf5f0
Results/transport_d_analysis.json,run_records,2241,af912c96aed92b04f1fbe8ee62f3b41ed937e1e62eeca3c2cf39de6fec5468ba,af912c96aed92b04f1fbe8ee62f3b41ed937e1e62eeca3c2cf39de6fec5468ba
Results/transport_d_r2_sensitivity.json,run_records,2224,ef480c705dd8adac3d3f3ff72eca47bb5cb5c0735a1750f5ebf6c1503b8b21fd,ef480c705dd8adac3d3f3ff72eca47bb5cb5c0735a1750f5ebf6c1503b8b21fd
Results/transport_d_r2_stability.json,run_records,1681,f32084ac1adf8d9616808d7275e84636b0b3e698dc049d0c687d5e855dd3381e,f32084ac1adf8d9616808d7275e84636b0b3e698dc049d0c687d5e855dd3381e
Results/transport_d_r3_sensitivity.json,run_records,2491,8f78a672554d076aeaeccfab992144666e978dc5be12c25b5d6bb6bd69f80897,8f78a672554d076aeaeccfab992144666e978dc5be12c25b5d6bb6bd69f80897
Results/transport_d_r3_stability.json,run_records,1706,b3eb7d60bc4f6a65f1586284fe65361b26ecdcb8cfcfae9add58bf3dc61bcc8b,b3eb7d60bc4f6a65f1586284fe65361b26ecdcb8cfcfae9add58bf3dc61bcc8b
